-- MySQL dump 10.16  Distrib 10.1.32-MariaDB, for Win32 (AMD64)
--
-- Host: localhost    Database: dp_buap
-- ------------------------------------------------------
-- Server version	10.1.32-MariaDB

/*!40101 SET @OLD_CHARACTER_SET_CLIENT=@@CHARACTER_SET_CLIENT */;
/*!40101 SET @OLD_CHARACTER_SET_RESULTS=@@CHARACTER_SET_RESULTS */;
/*!40101 SET @OLD_COLLATION_CONNECTION=@@COLLATION_CONNECTION */;
/*!40101 SET NAMES utf8 */;
/*!40103 SET @OLD_TIME_ZONE=@@TIME_ZONE */;
/*!40103 SET TIME_ZONE='+00:00' */;
/*!40014 SET @OLD_UNIQUE_CHECKS=@@UNIQUE_CHECKS, UNIQUE_CHECKS=0 */;
/*!40014 SET @OLD_FOREIGN_KEY_CHECKS=@@FOREIGN_KEY_CHECKS, FOREIGN_KEY_CHECKS=0 */;
/*!40101 SET @OLD_SQL_MODE=@@SQL_MODE, SQL_MODE='NO_AUTO_VALUE_ON_ZERO' */;
/*!40111 SET @OLD_SQL_NOTES=@@SQL_NOTES, SQL_NOTES=0 */;

--
-- Table structure for table `DP_ACTIVIDADES_ESPECIFICAS`
--

DROP TABLE IF EXISTS `DP_ACTIVIDADES_ESPECIFICAS`;
/*!40101 SET @saved_cs_client     = @@character_set_client */;
/*!40101 SET character_set_client = utf8 */;
CREATE TABLE `DP_ACTIVIDADES_ESPECIFICAS` (
  `ACTIVIDADES_ESPECIFICAS_ID` int(10) unsigned NOT NULL AUTO_INCREMENT,
  `ACTIVIDADES_ESPECIFICAS_ACTIVIDAD` text COLLATE utf8mb4_unicode_ci NOT NULL,
  `ACTIVIDADES_ESPECIFICAS_ESTATUS` int(11) NOT NULL,
  `ACTIVIDADES_ESPECIFICAS_MENSAJE` text COLLATE utf8mb4_unicode_ci,
  `created_at` timestamp NULL DEFAULT NULL,
  `updated_at` timestamp NULL DEFAULT NULL,
  PRIMARY KEY (`ACTIVIDADES_ESPECIFICAS_ID`)
) ENGINE=InnoDB DEFAULT CHARSET=utf8mb4 COLLATE=utf8mb4_unicode_ci;
/*!40101 SET character_set_client = @saved_cs_client */;

--
-- Dumping data for table `DP_ACTIVIDADES_ESPECIFICAS`
--

LOCK TABLES `DP_ACTIVIDADES_ESPECIFICAS` WRITE;
/*!40000 ALTER TABLE `DP_ACTIVIDADES_ESPECIFICAS` DISABLE KEYS */;
/*!40000 ALTER TABLE `DP_ACTIVIDADES_ESPECIFICAS` ENABLE KEYS */;
UNLOCK TABLES;

--
-- Table structure for table `DP_ACTIVIDADES_GENERALES`
--

DROP TABLE IF EXISTS `DP_ACTIVIDADES_GENERALES`;
/*!40101 SET @saved_cs_client     = @@character_set_client */;
/*!40101 SET character_set_client = utf8 */;
CREATE TABLE `DP_ACTIVIDADES_GENERALES` (
  `ACTIVIDADES_GENERALES_ID` int(10) unsigned NOT NULL AUTO_INCREMENT,
  `ACTIVIDADES_GENERALES_ACTIVIDAD` text COLLATE utf8mb4_unicode_ci NOT NULL,
  `ACTIVIDADES_GENERALES_INDICADOR` text COLLATE utf8mb4_unicode_ci NOT NULL,
  `ACTIVIDADES_GENERALES_ESTATUS` int(11) NOT NULL,
  `ACTIVIDADES_GENERALES_MENSAJE` text COLLATE utf8mb4_unicode_ci,
  `created_at` timestamp NULL DEFAULT NULL,
  `updated_at` timestamp NULL DEFAULT NULL,
  PRIMARY KEY (`ACTIVIDADES_GENERALES_ID`)
) ENGINE=InnoDB DEFAULT CHARSET=utf8mb4 COLLATE=utf8mb4_unicode_ci;
/*!40101 SET character_set_client = @saved_cs_client */;

--
-- Dumping data for table `DP_ACTIVIDADES_GENERALES`
--

LOCK TABLES `DP_ACTIVIDADES_GENERALES` WRITE;
/*!40000 ALTER TABLE `DP_ACTIVIDADES_GENERALES` DISABLE KEYS */;
/*!40000 ALTER TABLE `DP_ACTIVIDADES_GENERALES` ENABLE KEYS */;
UNLOCK TABLES;

--
-- Table structure for table `DP_ARCHIVOS`
--

DROP TABLE IF EXISTS `DP_ARCHIVOS`;
/*!40101 SET @saved_cs_client     = @@character_set_client */;
/*!40101 SET character_set_client = utf8 */;
CREATE TABLE `DP_ARCHIVOS` (
  `ARCHIVOS_ID` int(10) unsigned NOT NULL AUTO_INCREMENT,
  `ARCHIVOS_NOMBRE` varchar(255) COLLATE utf8mb4_unicode_ci NOT NULL,
  `ARCHIVOS_RUTA` varchar(1000) COLLATE utf8mb4_unicode_ci NOT NULL,
  `created_at` timestamp NULL DEFAULT NULL,
  `updated_at` timestamp NULL DEFAULT NULL,
  PRIMARY KEY (`ARCHIVOS_ID`)
) ENGINE=InnoDB AUTO_INCREMENT=3 DEFAULT CHARSET=utf8mb4 COLLATE=utf8mb4_unicode_ci;
/*!40101 SET character_set_client = @saved_cs_client */;

--
-- Dumping data for table `DP_ARCHIVOS`
--

LOCK TABLES `DP_ARCHIVOS` WRITE;
/*!40000 ALTER TABLE `DP_ARCHIVOS` DISABLE KEYS */;
INSERT INTO `DP_ARCHIVOS` VALUES (1,'16_OFICIO CGA-10062018 ORGANIGRAMAS AUTORIZADAS CCU.pdf','public/dependencias/16_OFICIO CGA-10062018 ORGANIGRAMAS AUTORIZADAS CCU.pdf','2018-11-12 17:24:07',NULL),(2,'16_ORGANIGRAMAS AUTORIZADOS COMPLEJO CULTURAL UNIVERSITARIO.pdf','public/dependencias/16_ORGANIGRAMAS AUTORIZADOS COMPLEJO CULTURAL UNIVERSITARIO.pdf','2018-11-12 17:24:21',NULL);
/*!40000 ALTER TABLE `DP_ARCHIVOS` ENABLE KEYS */;
UNLOCK TABLES;

--
-- Table structure for table `DP_AREAS_ANIOS_EXPERIENCIA`
--

DROP TABLE IF EXISTS `DP_AREAS_ANIOS_EXPERIENCIA`;
/*!40101 SET @saved_cs_client     = @@character_set_client */;
/*!40101 SET character_set_client = utf8 */;
CREATE TABLE `DP_AREAS_ANIOS_EXPERIENCIA` (
  `AREAS_ANIOS_EXPERIENCIA_ID` int(10) unsigned NOT NULL AUTO_INCREMENT,
  `AREAS_ANIOS_DESCRIPCION` varchar(255) COLLATE utf8mb4_unicode_ci NOT NULL,
  `AREAS_ANIOS_ESTATUS` int(11) NOT NULL,
  `AREAS_ANIOS_MENSAJE` text COLLATE utf8mb4_unicode_ci,
  `created_at` timestamp NULL DEFAULT NULL,
  `updated_at` timestamp NULL DEFAULT NULL,
  PRIMARY KEY (`AREAS_ANIOS_EXPERIENCIA_ID`)
) ENGINE=InnoDB DEFAULT CHARSET=utf8mb4 COLLATE=utf8mb4_unicode_ci;
/*!40101 SET character_set_client = @saved_cs_client */;

--
-- Dumping data for table `DP_AREAS_ANIOS_EXPERIENCIA`
--

LOCK TABLES `DP_AREAS_ANIOS_EXPERIENCIA` WRITE;
/*!40000 ALTER TABLE `DP_AREAS_ANIOS_EXPERIENCIA` DISABLE KEYS */;
/*!40000 ALTER TABLE `DP_AREAS_ANIOS_EXPERIENCIA` ENABLE KEYS */;
UNLOCK TABLES;

--
-- Table structure for table `DP_CAT_AREAS`
--

DROP TABLE IF EXISTS `DP_CAT_AREAS`;
/*!40101 SET @saved_cs_client     = @@character_set_client */;
/*!40101 SET character_set_client = utf8 */;
CREATE TABLE `DP_CAT_AREAS` (
  `CAT_AREAS_ID` int(10) unsigned NOT NULL AUTO_INCREMENT,
  `CAT_AREAS_AREA` varchar(255) COLLATE utf8mb4_unicode_ci NOT NULL,
  `created_at` timestamp NULL DEFAULT NULL,
  `updated_at` timestamp NULL DEFAULT NULL,
  PRIMARY KEY (`CAT_AREAS_ID`)
) ENGINE=InnoDB DEFAULT CHARSET=utf8mb4 COLLATE=utf8mb4_unicode_ci;
/*!40101 SET character_set_client = @saved_cs_client */;

--
-- Dumping data for table `DP_CAT_AREAS`
--

LOCK TABLES `DP_CAT_AREAS` WRITE;
/*!40000 ALTER TABLE `DP_CAT_AREAS` DISABLE KEYS */;
/*!40000 ALTER TABLE `DP_CAT_AREAS` ENABLE KEYS */;
UNLOCK TABLES;

--
-- Table structure for table `DP_CAT_PROFESIONES`
--

DROP TABLE IF EXISTS `DP_CAT_PROFESIONES`;
/*!40101 SET @saved_cs_client     = @@character_set_client */;
/*!40101 SET character_set_client = utf8 */;
CREATE TABLE `DP_CAT_PROFESIONES` (
  `CAT_PROFESIONES_ID` int(10) unsigned NOT NULL AUTO_INCREMENT,
  `CAT_PROFESIONES_PROFESION` varchar(255) COLLATE utf8mb4_unicode_ci NOT NULL,
  `created_at` timestamp NULL DEFAULT NULL,
  `updated_at` timestamp NULL DEFAULT NULL,
  PRIMARY KEY (`CAT_PROFESIONES_ID`)
) ENGINE=InnoDB DEFAULT CHARSET=utf8mb4 COLLATE=utf8mb4_unicode_ci;
/*!40101 SET character_set_client = @saved_cs_client */;

--
-- Dumping data for table `DP_CAT_PROFESIONES`
--

LOCK TABLES `DP_CAT_PROFESIONES` WRITE;
/*!40000 ALTER TABLE `DP_CAT_PROFESIONES` DISABLE KEYS */;
/*!40000 ALTER TABLE `DP_CAT_PROFESIONES` ENABLE KEYS */;
UNLOCK TABLES;

--
-- Table structure for table `DP_COMPETENCIAS_GENERICAS`
--

DROP TABLE IF EXISTS `DP_COMPETENCIAS_GENERICAS`;
/*!40101 SET @saved_cs_client     = @@character_set_client */;
/*!40101 SET character_set_client = utf8 */;
CREATE TABLE `DP_COMPETENCIAS_GENERICAS` (
  `COMPETENCIAS_GENERICAS_ID` int(10) unsigned NOT NULL AUTO_INCREMENT,
  `COMPETENCIAS_GENERICAS_DESCRIPCION` varchar(255) COLLATE utf8mb4_unicode_ci NOT NULL,
  `COMPETENCIAS_GENERICAS_GRADO` char(10) COLLATE utf8mb4_unicode_ci NOT NULL,
  `COMPETENCIAS_GENERICAS_ESTATUS` int(11) NOT NULL,
  `COMPETENCIAS_GENERICAS_MENSAJE` text COLLATE utf8mb4_unicode_ci,
  `created_at` timestamp NULL DEFAULT NULL,
  `updated_at` timestamp NULL DEFAULT NULL,
  PRIMARY KEY (`COMPETENCIAS_GENERICAS_ID`)
) ENGINE=InnoDB DEFAULT CHARSET=utf8mb4 COLLATE=utf8mb4_unicode_ci;
/*!40101 SET character_set_client = @saved_cs_client */;

--
-- Dumping data for table `DP_COMPETENCIAS_GENERICAS`
--

LOCK TABLES `DP_COMPETENCIAS_GENERICAS` WRITE;
/*!40000 ALTER TABLE `DP_COMPETENCIAS_GENERICAS` DISABLE KEYS */;
/*!40000 ALTER TABLE `DP_COMPETENCIAS_GENERICAS` ENABLE KEYS */;
UNLOCK TABLES;

--
-- Table structure for table `DP_COMPETENCIAS_TECNICAS`
--

DROP TABLE IF EXISTS `DP_COMPETENCIAS_TECNICAS`;
/*!40101 SET @saved_cs_client     = @@character_set_client */;
/*!40101 SET character_set_client = utf8 */;
CREATE TABLE `DP_COMPETENCIAS_TECNICAS` (
  `COMPETENCIAS_TECNICAS_ID` int(10) unsigned NOT NULL AUTO_INCREMENT,
  `COMPETENCIAS_TECNICAS_DESCRIPCION` varchar(255) COLLATE utf8mb4_unicode_ci NOT NULL,
  `COMPETENCIAS_TECNICAS_GRADO_DOMINIO` enum('BASICO','MEDIO','AVANZADO') COLLATE utf8mb4_unicode_ci NOT NULL,
  `COMPETENCIAS_TECNICAS_ESTATUS` int(11) NOT NULL,
  `COMPETENCIAS_TECNICAS_MENSAJE` text COLLATE utf8mb4_unicode_ci,
  `created_at` timestamp NULL DEFAULT NULL,
  `updated_at` timestamp NULL DEFAULT NULL,
  PRIMARY KEY (`COMPETENCIAS_TECNICAS_ID`)
) ENGINE=InnoDB DEFAULT CHARSET=utf8mb4 COLLATE=utf8mb4_unicode_ci;
/*!40101 SET character_set_client = @saved_cs_client */;

--
-- Dumping data for table `DP_COMPETENCIAS_TECNICAS`
--

LOCK TABLES `DP_COMPETENCIAS_TECNICAS` WRITE;
/*!40000 ALTER TABLE `DP_COMPETENCIAS_TECNICAS` DISABLE KEYS */;
/*!40000 ALTER TABLE `DP_COMPETENCIAS_TECNICAS` ENABLE KEYS */;
UNLOCK TABLES;

--
-- Table structure for table `DP_COMPUTACION`
--

DROP TABLE IF EXISTS `DP_COMPUTACION`;
/*!40101 SET @saved_cs_client     = @@character_set_client */;
/*!40101 SET character_set_client = utf8 */;
CREATE TABLE `DP_COMPUTACION` (
  `COMPUTACION_ID` int(10) unsigned NOT NULL AUTO_INCREMENT,
  `COMPUTACION_PAQUETERIA_SISTEMA` varchar(255) COLLATE utf8mb4_unicode_ci NOT NULL,
  `COMPUTACION_NIVEL_DOMINIO` enum('BASICO','MEDIO','ALTO') COLLATE utf8mb4_unicode_ci NOT NULL,
  `COMPUTACION_ESTATUS` int(11) NOT NULL,
  `COMPUTACION_GRADO_MENSAJE` text COLLATE utf8mb4_unicode_ci,
  `created_at` timestamp NULL DEFAULT NULL,
  `updated_at` timestamp NULL DEFAULT NULL,
  PRIMARY KEY (`COMPUTACION_ID`)
) ENGINE=InnoDB DEFAULT CHARSET=utf8mb4 COLLATE=utf8mb4_unicode_ci;
/*!40101 SET character_set_client = @saved_cs_client */;

--
-- Dumping data for table `DP_COMPUTACION`
--

LOCK TABLES `DP_COMPUTACION` WRITE;
/*!40000 ALTER TABLE `DP_COMPUTACION` DISABLE KEYS */;
/*!40000 ALTER TABLE `DP_COMPUTACION` ENABLE KEYS */;
UNLOCK TABLES;

--
-- Table structure for table `DP_DEPENDENCIAS`
--

DROP TABLE IF EXISTS `DP_DEPENDENCIAS`;
/*!40101 SET @saved_cs_client     = @@character_set_client */;
/*!40101 SET character_set_client = utf8 */;
CREATE TABLE `DP_DEPENDENCIAS` (
  `DEPENDENCIAS_ID` int(10) unsigned NOT NULL AUTO_INCREMENT,
  `DEPENDENCIAS_NOM_DEPENDENCIA` varchar(255) COLLATE utf8mb4_unicode_ci NOT NULL,
  `DEPENDENCIAS_NOMENCLATURA` varchar(255) COLLATE utf8mb4_unicode_ci DEFAULT NULL,
  `DEPENDENCIAS_NOM_TITULAR` varchar(255) COLLATE utf8mb4_unicode_ci DEFAULT NULL,
  `DEPENDENCIAS_CABEZA_SECTOR` int(11) DEFAULT NULL,
  `DEPENDENCIAS_ACTIVA` int(11) DEFAULT NULL,
  `created_at` timestamp NULL DEFAULT NULL,
  `updated_at` timestamp NULL DEFAULT NULL,
  PRIMARY KEY (`DEPENDENCIAS_ID`)
) ENGINE=InnoDB AUTO_INCREMENT=99 DEFAULT CHARSET=utf8mb4 COLLATE=utf8mb4_unicode_ci;
/*!40101 SET character_set_client = @saved_cs_client */;

--
-- Dumping data for table `DP_DEPENDENCIAS`
--

LOCK TABLES `DP_DEPENDENCIAS` WRITE;
/*!40000 ALTER TABLE `DP_DEPENDENCIAS` DISABLE KEYS */;
INSERT INTO `DP_DEPENDENCIAS` VALUES (1,'ABOGADO GENERAL',NULL,NULL,NULL,NULL,NULL,NULL),(2,'ARCHIVO HISTORICO REGIONAL UNIV.',NULL,NULL,NULL,NULL,NULL,NULL),(3,'BACHILLERATO 5 DE MAYO',NULL,NULL,NULL,NULL,NULL,NULL),(4,'BIOTERIO CLAUDE BERNAD',NULL,NULL,NULL,NULL,NULL,NULL),(5,'CENTRO DE DETECCION BIOMOLECULAR',NULL,NULL,NULL,NULL,NULL,NULL),(6,'CENTRO DE EDUCACION INTERNACIONAL',NULL,NULL,NULL,NULL,NULL,NULL),(7,'CENTRO DE INOV Y COMPETITIVIDAD EMP',NULL,NULL,NULL,NULL,NULL,NULL),(8,'CENTRO INNOVACION Y DISEÑO DIGIT',NULL,NULL,NULL,NULL,NULL,NULL),(9,'CENTRO UNIV. DE PART. SOCIAL',NULL,NULL,NULL,NULL,NULL,NULL),(10,'CENTRO UNIV.DE PREV.DESASTRES REG.',NULL,NULL,NULL,NULL,NULL,NULL),(11,'CENTRO UNIVERSITARIO DE SERVICIOS',NULL,NULL,NULL,NULL,NULL,NULL),(12,'CENTRO UNIVERSITARIO DE VINCULACION',NULL,NULL,NULL,NULL,NULL,NULL),(13,'CIRCULO INFANTIL','CI','MARGARITA TRUJILLO LANDA',0,1,'2018-11-09 22:33:54',NULL),(14,'COMISIONADOS ADMINISTRATIVOS',NULL,NULL,NULL,NULL,NULL,NULL),(15,'COMISIONADOS DOCENTES',NULL,NULL,NULL,NULL,NULL,NULL),(16,'COMPLEJO CULTURAL UNIVERSITARIO','CCU','LUZ MARÍA NOVOA FLANDES',0,1,'2018-11-12 17:23:14',NULL),(17,'COMPLEJO REGIONAL CENTRO',NULL,NULL,NULL,NULL,NULL,NULL),(18,'COMPLEJO REGIONAL MIXTECA',NULL,NULL,NULL,NULL,NULL,NULL),(19,'COMPLEJO REGIONAL NORORIENTAL',NULL,NULL,NULL,NULL,NULL,NULL),(20,'COMPLEJO REGIONAL NORTE',NULL,NULL,NULL,NULL,NULL,NULL),(21,'COMPLEJO REGIONAL SUR',NULL,NULL,NULL,NULL,NULL,NULL),(22,'CONTRALORIA GENERAL',NULL,NULL,NULL,NULL,NULL,NULL),(23,'COORD.GRAL.DE DESARROLL SUSTENTABLE',NULL,NULL,NULL,NULL,NULL,NULL),(24,'COORDINACION DE GABINETE',NULL,NULL,NULL,NULL,NULL,NULL),(25,'COORDINACION GRAL. ADMINISTRATIVA',NULL,NULL,NULL,NULL,NULL,NULL),(26,'COORDINACION GRAL. DE ASUNTOS EST.',NULL,NULL,NULL,NULL,NULL,NULL),(27,'DEFENSORIA DE LOS DERECHOS UNIV.',NULL,NULL,NULL,NULL,NULL,NULL),(28,'DEPTO. DE ADQUISICIONES PROV. E INV.',NULL,NULL,NULL,NULL,NULL,NULL),(29,'DIR. ACOMPAÑAMIENTO UNIVERSITARIO',NULL,NULL,NULL,NULL,NULL,NULL),(30,'DIR. DE APOYO Y SEGURIDAD UNIVERSIT',NULL,NULL,NULL,NULL,NULL,NULL),(31,'DIR. DE INFRAESTRUCTURA EDUCATIVA',NULL,NULL,NULL,NULL,NULL,NULL),(32,'DIR. DE SERVICIOS AL ESTUDIANTE',NULL,NULL,NULL,NULL,NULL,NULL),(33,'DIR. GRAL DE INNOVACION EDUCATIVA',NULL,NULL,NULL,NULL,NULL,NULL),(34,'DIR. GRAL. DE CONTROL PATRIMONIAL',NULL,NULL,NULL,NULL,NULL,NULL),(35,'DIR. DE EST. DE POSG. AREA DE LA SALUD',NULL,NULL,NULL,NULL,NULL,NULL),(36,'DIR.GRAL DE COMPUTO Y T I Y COMUNIC.',NULL,NULL,NULL,NULL,NULL,NULL),(37,'DIRECCION DE ADMINISTRACION ESCOLAR',NULL,NULL,NULL,NULL,NULL,NULL),(38,'DIRECCION DE COMUNICACION',NULL,NULL,NULL,NULL,NULL,NULL),(39,'DIRECCION DE CONTABILIDAD GENERAL',NULL,NULL,NULL,NULL,NULL,NULL),(40,'DIRECCION DE CULTURA FISICA',NULL,NULL,NULL,NULL,NULL,NULL),(41,'DIRECCION DE DEPORTES DE COMBATE',NULL,NULL,NULL,NULL,NULL,NULL),(42,'DIRECCION DE RECURSOS HUMANOS','DRH','JAIME MENESES GUERRA',0,1,'2018-11-09 22:57:56',NULL),(43,'DIRECCION DE SERVICIOS GENERALES',NULL,NULL,NULL,NULL,NULL,NULL),(44,'DIRECCION GENERAL DE BIBLIOTECAS',NULL,NULL,NULL,NULL,NULL,NULL),(45,'DIRECCION GENERAL DE PLANEACION INS',NULL,NULL,NULL,NULL,NULL,NULL),(46,'DIRECCION GRAL. DE DESARROLLO INT.',NULL,NULL,NULL,NULL,NULL,NULL),(47,'ESC. DE ARTES PLASTICAS Y AUDIVIS.',NULL,NULL,NULL,NULL,NULL,NULL),(48,'ESC. PREP. 2 DE OCTUBRE',NULL,NULL,NULL,NULL,NULL,NULL),(49,'ESC. PREP. ALFONSO CALDERON MORENO',NULL,NULL,NULL,NULL,NULL,NULL),(50,'ESC. PREP. EMILIANO ZAPATA',NULL,NULL,NULL,NULL,NULL,NULL),(51,'ESC. PREP. ENRIQUE CABRERA B. PUEBLA',NULL,NULL,NULL,NULL,NULL,NULL),(52,'ESC. PREP. ENRIQUE CABRERA B. TEC.',NULL,NULL,NULL,NULL,NULL,NULL),(53,'ESC. PREP. GRAL. LAZARO CARDENAS DEL RIO',NULL,NULL,NULL,NULL,NULL,NULL),(54,'ESC. PREP. LIC. BENITO JUAREZ GARCIA',NULL,NULL,NULL,NULL,NULL,NULL),(55,'ESC. PREP.SIMON BOLIVAR DE ATLIXCO',NULL,NULL,NULL,NULL,NULL,NULL),(56,'FAC. DE CIENCIAS DE LA COMUNICACION',NULL,NULL,NULL,NULL,NULL,NULL),(57,'FAC. DE MEDICINA VETERINARIA Y ZOOT.',NULL,NULL,NULL,NULL,NULL,NULL),(58,'FACULTAD DE ADMINISTRACION',NULL,NULL,NULL,NULL,NULL,NULL),(59,'FACULTAD DE ARQUITECTURA',NULL,NULL,NULL,NULL,NULL,NULL),(60,'FACULTAD DE ARTES',NULL,NULL,NULL,NULL,NULL,NULL),(61,'FACULTAD DE CIENCIAS BIOLOGICAS',NULL,NULL,NULL,NULL,NULL,NULL),(62,'FACULTAD DE CIENCIAS QUIMICAS',NULL,NULL,NULL,NULL,NULL,NULL),(63,'FACULTAD DE CONTADURIA PUBLICA',NULL,NULL,NULL,NULL,NULL,NULL),(64,'FACULTAD DE CS.DE LA COMPUTACION',NULL,NULL,NULL,NULL,NULL,NULL),(65,'FACULTAD DE CS.DE LA ELECTRONICA',NULL,NULL,NULL,NULL,NULL,NULL),(66,'FACULTAD DE CS.FISICO MATEMATICAS',NULL,NULL,NULL,NULL,NULL,NULL),(67,'FACULTAD DE CULTURA FISICA',NULL,NULL,NULL,NULL,NULL,NULL),(68,'FACULTAD DE DERECHO Y CS.SOCIALES',NULL,NULL,NULL,NULL,NULL,NULL),(69,'FACULTAD DE ECONOMIA',NULL,NULL,NULL,NULL,NULL,NULL),(70,'FACULTAD DE ENFERMERIA',NULL,NULL,NULL,NULL,NULL,NULL),(71,'FACULTAD DE ESTOMATOLOGIA',NULL,NULL,NULL,NULL,NULL,NULL),(72,'FACULTAD DE FILOSOFIA',NULL,NULL,NULL,NULL,NULL,NULL),(73,'FACULTAD DE ING. AGROHIDRAULICA',NULL,NULL,NULL,NULL,NULL,NULL),(74,'FACULTAD DE INGENIERIA',NULL,NULL,NULL,NULL,NULL,NULL),(75,'FACULTAD DE INGENIERIA QUIMICA',NULL,NULL,NULL,NULL,NULL,NULL),(76,'FACULTAD DE LENGUAS',NULL,NULL,NULL,NULL,NULL,NULL),(77,'FACULTAD DE MEDICINA',NULL,NULL,NULL,NULL,NULL,NULL),(78,'FACULTAD DE PSICOLOGIA',NULL,NULL,NULL,NULL,NULL,NULL),(79,'FUNDACION UNIVERSITARIA',NULL,NULL,NULL,NULL,NULL,NULL),(80,'HERBARIO B.U.A.P.',NULL,NULL,NULL,NULL,NULL,NULL),(81,'HOSPITAL UNIVERSITARIO',NULL,NULL,NULL,NULL,NULL,NULL),(82,'INST.CS.DE GOBIERNO Y DES. ESTRAT',NULL,NULL,NULL,NULL,NULL,NULL),(83,'INST.DE CS.SOCIALES Y HUMANIDADES',NULL,NULL,NULL,NULL,NULL,NULL),(84,'INST.DE FISICA ING. LUIS RIVERA T.',NULL,NULL,NULL,NULL,NULL,NULL),(85,'INSTITUTO DE CIENCIAS',NULL,NULL,NULL,NULL,NULL,NULL),(86,'INSTITUTO DE FISIOLOGIA',NULL,NULL,NULL,NULL,NULL,NULL),(87,'NOMINA DE PENSIONADOS Y JUBILADOS',NULL,NULL,NULL,NULL,NULL,NULL),(88,'PREPARATORIA SECC. SAN MARTIN TEX.',NULL,NULL,NULL,NULL,NULL,NULL),(89,'RADIO BUAP',NULL,NULL,NULL,NULL,NULL,NULL),(90,'RECTORIA',NULL,NULL,NULL,NULL,NULL,NULL),(91,'REVISTA ELEMENTOS',NULL,NULL,NULL,NULL,NULL,NULL),(92,'SECRETARIA GENERAL',NULL,NULL,NULL,NULL,NULL,NULL),(93,'SECRETARIA PARTICULAR DE RECTORIA',NULL,NULL,NULL,NULL,NULL,NULL),(94,'TESORERIA GENERAL',NULL,NULL,NULL,NULL,NULL,NULL),(95,'UNIDAD ADMVA DE ACCESO A LA INFORMA',NULL,NULL,NULL,NULL,NULL,NULL),(96,'VICERRECTORIA DE DOCENCIA',NULL,NULL,NULL,NULL,NULL,NULL),(97,'VICERRECTORIA DE EXT. Y DIF.CULT.',NULL,NULL,NULL,NULL,NULL,NULL),(98,'VICERRECTORIA DE INV. Y EST. POSTG.',NULL,NULL,NULL,NULL,NULL,NULL);
/*!40000 ALTER TABLE `DP_DEPENDENCIAS` ENABLE KEYS */;
UNLOCK TABLES;

--
-- Table structure for table `DP_DESCRIPCIONES`
--

DROP TABLE IF EXISTS `DP_DESCRIPCIONES`;
/*!40101 SET @saved_cs_client     = @@character_set_client */;
/*!40101 SET character_set_client = utf8 */;
CREATE TABLE `DP_DESCRIPCIONES` (
  `DESCRIPCIONES_ID` int(10) unsigned NOT NULL AUTO_INCREMENT,
  `DESCRIPCIONES_NOM_PUESTO` varchar(255) COLLATE utf8mb4_unicode_ci NOT NULL,
  `DESCRIPCIONES_REPORTA_A` varchar(255) COLLATE utf8mb4_unicode_ci NOT NULL,
  `DESCRIPCIONES_AREA` varchar(255) COLLATE utf8mb4_unicode_ci NOT NULL,
  `DESCRIPCIONES_DIRECCION` varchar(255) COLLATE utf8mb4_unicode_ci NOT NULL,
  `DESCRIPCIONES_DTP` enum('TIPO','PUESTO') COLLATE utf8mb4_unicode_ci NOT NULL,
  `DESCRIPCIONES_CLAVE_PUESTO` varchar(255) COLLATE utf8mb4_unicode_ci NOT NULL,
  `DESCRIPCIONES_FECHA_CREACION` date NOT NULL,
  `DESCRIPCIONES_FECHA_REVISION` date DEFAULT NULL,
  `DESCRIPCIONES_N_REVISION` int(11) NOT NULL,
  `DESCRIPCIONES_NIVEL` enum('TITULAR','SUBDIRECTOR','JEFE_DEPARTAMENTO','SUBJEFE_DEPARTAMENTO','COORDINADOR','GESTOR','PROFESIONAL','ESPECIALISTA','TECNICO','AUXILIAR') COLLATE utf8mb4_unicode_ci NOT NULL,
  `DESCRIPCIONES_REPORTAN_DIRECTOS` int(11) NOT NULL,
  `DESCRIPCIONES_REPORTAN_INDIRECTOS` int(11) NOT NULL,
  `DESCRIPCIONES_ESTATUS_GRAL` enum('ELABORACION','REVISION','REVISADO','AUTORIZADO') COLLATE utf8mb4_unicode_ci NOT NULL,
  `DESCRIPCIONES_FUTURA_REVISION` int(11) DEFAULT NULL,
  PRIMARY KEY (`DESCRIPCIONES_ID`)
) ENGINE=InnoDB AUTO_INCREMENT=10 DEFAULT CHARSET=utf8mb4 COLLATE=utf8mb4_unicode_ci;
/*!40101 SET character_set_client = @saved_cs_client */;

--
-- Dumping data for table `DP_DESCRIPCIONES`
--

LOCK TABLES `DP_DESCRIPCIONES` WRITE;
/*!40000 ALTER TABLE `DP_DESCRIPCIONES` DISABLE KEYS */;
INSERT INTO `DP_DESCRIPCIONES` VALUES (1,'DIRECTOR DE CIRCULO INFANTIL','COORDINADOR GENERAL ADMINISTRATIVO','DIRECCION','CIRCULO INFANTIL','PUESTO','CI/DP/DCI-01','2018-11-09',NULL,1,'TITULAR',6,3,'ELABORACION',NULL),(2,'DIRECTOR','COORDINADOR GENERAL ADMINISTRATIVO','DIRECCIÓN','DIRECCION DE RECURSOS HUMANOS','PUESTO','DRH/DP/DIR-01','2018-11-09',NULL,1,'TITULAR',5,2,'ELABORACION',NULL),(3,'SUBDIRECTOR','DIRECTOR DE RECURSOS HUMANOS','DIRECCION','DIRECCION DE RECURSOS HUMANOS','TIPO','DRH/DT/SUB-02','2018-11-09',NULL,1,'SUBDIRECTOR',3,11,'ELABORACION',NULL),(4,'DIRECTOR','RECTOR','DIRECCIÓN','COMPLEJO CULTURAL UNIVERSITARIO','PUESTO','CCU/DP/DIR-01','2018-11-15',NULL,1,'TITULAR',4,2,'ELABORACION',NULL),(5,'COORDINADOR DE EVENTOS','DIRECTOR','COORDINACIÓN','COMPLEJO CULTURAL UNIVERSITARIO','TIPO','CCU/DT/CE-02','2018-11-15',NULL,1,'COORDINADOR',7,2,'ELABORACION',NULL),(6,'COORDINADOR DE ESPACIOS','DIRECTOR','COORDINACIÓN','COMPLEJO CULTURAL UNIVERSITARIO','PUESTO','CCU/DP/CE-03','2018-11-15',NULL,1,'COORDINADOR',6,2,'ELABORACION',NULL),(7,'COORDINADOR DE EDUCADORES','DIRECTOR','COORDINACIÓN','CIRCULO INFANTIL','PUESTO','CI/DP/CE-02','2018-11-21',NULL,1,'COORDINADOR',7,2,'ELABORACION',NULL),(8,'EDUCADOR','COORDINADOR DE EDUCADORES','AULAS','CIRCULO INFANTIL','TIPO','CI/DT/EDU-03','2018-11-21',NULL,1,'ESPECIALISTA',6,0,'ELABORACION',NULL),(9,'ASISTENTE DE DIRECTOR','DIRECTOR','DIRECCIÓN','CIRCULO INFANTIL','PUESTO','CI/DP/AD-04','2018-11-21',NULL,1,'AUXILIAR',0,0,'ELABORACION',NULL);
/*!40000 ALTER TABLE `DP_DESCRIPCIONES` ENABLE KEYS */;
UNLOCK TABLES;

--
-- Table structure for table `DP_FECHAS_VALIDACION`
--

DROP TABLE IF EXISTS `DP_FECHAS_VALIDACION`;
/*!40101 SET @saved_cs_client     = @@character_set_client */;
/*!40101 SET character_set_client = utf8 */;
CREATE TABLE `DP_FECHAS_VALIDACION` (
  `FECHAS_VALIDACION_ID` int(10) unsigned NOT NULL AUTO_INCREMENT,
  `FECHAS_VALIDACION_ELABORACION` date NOT NULL,
  `FECHAS_VALIDACION_REVISION` date NOT NULL,
  `FECHAS_VALIDACION_VOBO` date NOT NULL,
  `FECHAS_VALIDACION_AUTORIZACION` date NOT NULL,
  `created_at` timestamp NULL DEFAULT NULL,
  `updated_at` timestamp NULL DEFAULT NULL,
  PRIMARY KEY (`FECHAS_VALIDACION_ID`)
) ENGINE=InnoDB DEFAULT CHARSET=utf8mb4 COLLATE=utf8mb4_unicode_ci;
/*!40101 SET character_set_client = @saved_cs_client */;

--
-- Dumping data for table `DP_FECHAS_VALIDACION`
--

LOCK TABLES `DP_FECHAS_VALIDACION` WRITE;
/*!40000 ALTER TABLE `DP_FECHAS_VALIDACION` DISABLE KEYS */;
/*!40000 ALTER TABLE `DP_FECHAS_VALIDACION` ENABLE KEYS */;
UNLOCK TABLES;

--
-- Table structure for table `DP_IDIOMAS`
--

DROP TABLE IF EXISTS `DP_IDIOMAS`;
/*!40101 SET @saved_cs_client     = @@character_set_client */;
/*!40101 SET character_set_client = utf8 */;
CREATE TABLE `DP_IDIOMAS` (
  `IDIOMAS_ID` int(10) unsigned NOT NULL AUTO_INCREMENT,
  `IDIOMAS_IDIOMA` char(100) COLLATE utf8mb4_unicode_ci NOT NULL,
  `IDIOMAS_NIVEL_DOMINIO` enum('BASICO','MEDIO','ALTO') COLLATE utf8mb4_unicode_ci NOT NULL,
  `IDIOMAS_ESTATUS` int(11) NOT NULL,
  `IDIOMAS_GRADO_MENSAJE` text COLLATE utf8mb4_unicode_ci,
  `created_at` timestamp NULL DEFAULT NULL,
  `updated_at` timestamp NULL DEFAULT NULL,
  PRIMARY KEY (`IDIOMAS_ID`)
) ENGINE=InnoDB DEFAULT CHARSET=utf8mb4 COLLATE=utf8mb4_unicode_ci;
/*!40101 SET character_set_client = @saved_cs_client */;

--
-- Dumping data for table `DP_IDIOMAS`
--

LOCK TABLES `DP_IDIOMAS` WRITE;
/*!40000 ALTER TABLE `DP_IDIOMAS` DISABLE KEYS */;
/*!40000 ALTER TABLE `DP_IDIOMAS` ENABLE KEYS */;
UNLOCK TABLES;

--
-- Table structure for table `DP_LISTA_DISTRIBUCION`
--

DROP TABLE IF EXISTS `DP_LISTA_DISTRIBUCION`;
/*!40101 SET @saved_cs_client     = @@character_set_client */;
/*!40101 SET character_set_client = utf8 */;
CREATE TABLE `DP_LISTA_DISTRIBUCION` (
  `LISTA_DISTRIBUCION_ID` int(10) unsigned NOT NULL AUTO_INCREMENT,
  `LISTA_DISTRIBUCION_PUESTO` varchar(255) COLLATE utf8mb4_unicode_ci NOT NULL,
  `created_at` timestamp NULL DEFAULT NULL,
  `updated_at` timestamp NULL DEFAULT NULL,
  PRIMARY KEY (`LISTA_DISTRIBUCION_ID`)
) ENGINE=InnoDB DEFAULT CHARSET=utf8mb4 COLLATE=utf8mb4_unicode_ci;
/*!40101 SET character_set_client = @saved_cs_client */;

--
-- Dumping data for table `DP_LISTA_DISTRIBUCION`
--

LOCK TABLES `DP_LISTA_DISTRIBUCION` WRITE;
/*!40000 ALTER TABLE `DP_LISTA_DISTRIBUCION` DISABLE KEYS */;
/*!40000 ALTER TABLE `DP_LISTA_DISTRIBUCION` ENABLE KEYS */;
UNLOCK TABLES;

--
-- Table structure for table `DP_LOGIN`
--

DROP TABLE IF EXISTS `DP_LOGIN`;
/*!40101 SET @saved_cs_client     = @@character_set_client */;
/*!40101 SET character_set_client = utf8 */;
CREATE TABLE `DP_LOGIN` (
  `LOGIN_USUARIO` varchar(100) COLLATE utf8mb4_unicode_ci NOT NULL,
  `LOGIN_CONTRASENA` varchar(255) COLLATE utf8mb4_unicode_ci NOT NULL,
  `LOGIN_CATEGORIA` enum('DIRECTOR_DRH','FACILITADOR','CABEZA_SECTOR','DIRECTOR_D/UA','ENCARGADO_D/UA','CGA') COLLATE utf8mb4_unicode_ci NOT NULL,
  `remember_token` varchar(100) COLLATE utf8mb4_unicode_ci DEFAULT NULL,
  `created_at` timestamp NULL DEFAULT NULL,
  `updated_at` timestamp NULL DEFAULT NULL,
  UNIQUE KEY `dp_login_login_usuario_unique` (`LOGIN_USUARIO`)
) ENGINE=InnoDB DEFAULT CHARSET=utf8mb4 COLLATE=utf8mb4_unicode_ci;
/*!40101 SET character_set_client = @saved_cs_client */;

--
-- Dumping data for table `DP_LOGIN`
--

LOCK TABLES `DP_LOGIN` WRITE;
/*!40000 ALTER TABLE `DP_LOGIN` DISABLE KEYS */;
INSERT INTO `DP_LOGIN` VALUES ('CCU/DP/CE-03','63f94gch','ENCARGADO_D/UA',NULL,'2018-11-15 21:11:57',NULL),('CCU/DP/DIR-01','lU3nfPEX','DIRECTOR_D/UA',NULL,'2018-11-15 21:11:28',NULL),('CCU/DT/CE-02','4Sb0x5Cm','ENCARGADO_D/UA',NULL,'2018-11-15 21:11:42',NULL),('CI/DP/AD-04','UlO9LaOl','ENCARGADO_D/UA',NULL,'2018-11-21 22:42:53',NULL),('CI/DP/CE-02','Y8DYpiww','ENCARGADO_D/UA',NULL,'2018-11-21 22:35:13',NULL),('CI/DP/DCI-01','8QfBV8Kg','DIRECTOR_D/UA',NULL,'2018-11-09 22:35:36',NULL),('CI/DT/EDU-03','7jZlgQqh','ENCARGADO_D/UA',NULL,'2018-11-21 22:36:05',NULL),('coordinacion','123456','CGA',NULL,'2018-11-22 16:59:44',NULL),('DRH/DP/DIR-01','L6r2m4yM','DIRECTOR_D/UA',NULL,'2018-11-15 20:53:20',NULL),('DRH/DT/SUB-02','pw5hQeuH','ENCARGADO_D/UA',NULL,'2018-11-15 20:54:01',NULL),('marvineliosa','123456','FACILITADOR',NULL,'2018-11-09 22:10:58',NULL),('meneses','123456','DIRECTOR_DRH',NULL,'2018-11-09 22:11:14',NULL);
/*!40000 ALTER TABLE `DP_LOGIN` ENABLE KEYS */;
UNLOCK TABLES;

--
-- Table structure for table `DP_PROPOSITO_GENERAL`
--

DROP TABLE IF EXISTS `DP_PROPOSITO_GENERAL`;
/*!40101 SET @saved_cs_client     = @@character_set_client */;
/*!40101 SET character_set_client = utf8 */;
CREATE TABLE `DP_PROPOSITO_GENERAL` (
  `PROPOSITO_GENERAL_ID` int(10) unsigned NOT NULL AUTO_INCREMENT,
  `PROPOSITO_GENERAL_DESCRIPCION` text COLLATE utf8mb4_unicode_ci NOT NULL,
  `PROPOSITO_GENERAL_ESTATUS` int(11) NOT NULL,
  `PROPOSITO_GENERAL_MENSAJE` text COLLATE utf8mb4_unicode_ci,
  `created_at` timestamp NULL DEFAULT NULL,
  `updated_at` timestamp NULL DEFAULT NULL,
  PRIMARY KEY (`PROPOSITO_GENERAL_ID`)
) ENGINE=InnoDB DEFAULT CHARSET=utf8mb4 COLLATE=utf8mb4_unicode_ci;
/*!40101 SET character_set_client = @saved_cs_client */;

--
-- Dumping data for table `DP_PROPOSITO_GENERAL`
--

LOCK TABLES `DP_PROPOSITO_GENERAL` WRITE;
/*!40000 ALTER TABLE `DP_PROPOSITO_GENERAL` DISABLE KEYS */;
/*!40000 ALTER TABLE `DP_PROPOSITO_GENERAL` ENABLE KEYS */;
UNLOCK TABLES;

--
-- Table structure for table `DP_PUESTOS_CLIENTES`
--

DROP TABLE IF EXISTS `DP_PUESTOS_CLIENTES`;
/*!40101 SET @saved_cs_client     = @@character_set_client */;
/*!40101 SET character_set_client = utf8 */;
CREATE TABLE `DP_PUESTOS_CLIENTES` (
  `PUESTOS_CLIENTES_ID` int(10) unsigned NOT NULL AUTO_INCREMENT,
  `PUESTOS_CLIENTES_DESCRIPCION` varchar(255) COLLATE utf8mb4_unicode_ci NOT NULL,
  `PUESTOS_CLIENTES_PRODUCTO` text COLLATE utf8mb4_unicode_ci NOT NULL,
  `PUESTOS_CLIENTES_FRECUENCIA` enum('VARIABLE','DIARIO','SEMANAL','QUINCENAL','MENSUAL','TRIMESTRAL','SEMESTRAL','ANUAL') COLLATE utf8mb4_unicode_ci NOT NULL,
  `PUESTOS_CLIENTES_ESTATUS` int(11) NOT NULL,
  `PUESTOS_CLIENTES_MENSAJE` text COLLATE utf8mb4_unicode_ci,
  `created_at` timestamp NULL DEFAULT NULL,
  `updated_at` timestamp NULL DEFAULT NULL,
  PRIMARY KEY (`PUESTOS_CLIENTES_ID`)
) ENGINE=InnoDB DEFAULT CHARSET=utf8mb4 COLLATE=utf8mb4_unicode_ci;
/*!40101 SET character_set_client = @saved_cs_client */;

--
-- Dumping data for table `DP_PUESTOS_CLIENTES`
--

LOCK TABLES `DP_PUESTOS_CLIENTES` WRITE;
/*!40000 ALTER TABLE `DP_PUESTOS_CLIENTES` DISABLE KEYS */;
/*!40000 ALTER TABLE `DP_PUESTOS_CLIENTES` ENABLE KEYS */;
UNLOCK TABLES;

--
-- Table structure for table `DP_PUESTOS_PROVEEDORES`
--

DROP TABLE IF EXISTS `DP_PUESTOS_PROVEEDORES`;
/*!40101 SET @saved_cs_client     = @@character_set_client */;
/*!40101 SET character_set_client = utf8 */;
CREATE TABLE `DP_PUESTOS_PROVEEDORES` (
  `PUESTOS_PROVEEDORES_ID` int(10) unsigned NOT NULL AUTO_INCREMENT,
  `PUESTOS_PROVEEDORES_DESCRIPCION` varchar(255) COLLATE utf8mb4_unicode_ci NOT NULL,
  `PUESTOS_PROVEEDORES_INSUMO` text COLLATE utf8mb4_unicode_ci NOT NULL,
  `PUESTOS_PROVEEDORES_FRECUENCIA` enum('VARIABLE','DIARIO','SEMANAL','QUINCENAL','MENSUAL','TRIMESTRAL','SEMESTRAL','ANUAL') COLLATE utf8mb4_unicode_ci NOT NULL,
  `PUESTOS_PROVEEDORES_ESTATUS` int(11) NOT NULL,
  `PUESTOS_PROVEEDORES_MENSAJE` text COLLATE utf8mb4_unicode_ci,
  `created_at` timestamp NULL DEFAULT NULL,
  `updated_at` timestamp NULL DEFAULT NULL,
  PRIMARY KEY (`PUESTOS_PROVEEDORES_ID`)
) ENGINE=InnoDB DEFAULT CHARSET=utf8mb4 COLLATE=utf8mb4_unicode_ci;
/*!40101 SET character_set_client = @saved_cs_client */;

--
-- Dumping data for table `DP_PUESTOS_PROVEEDORES`
--

LOCK TABLES `DP_PUESTOS_PROVEEDORES` WRITE;
/*!40000 ALTER TABLE `DP_PUESTOS_PROVEEDORES` DISABLE KEYS */;
/*!40000 ALTER TABLE `DP_PUESTOS_PROVEEDORES` ENABLE KEYS */;
UNLOCK TABLES;

--
-- Table structure for table `DP_USUARIOS`
--

DROP TABLE IF EXISTS `DP_USUARIOS`;
/*!40101 SET @saved_cs_client     = @@character_set_client */;
/*!40101 SET character_set_client = utf8 */;
CREATE TABLE `DP_USUARIOS` (
  `USUARIOS_USUARIO` varchar(100) COLLATE utf8mb4_unicode_ci NOT NULL,
  `USUARIOS_NOMBRE_RESPONSABLE` varchar(255) COLLATE utf8mb4_unicode_ci NOT NULL,
  `created_at` timestamp NULL DEFAULT NULL,
  `updated_at` timestamp NULL DEFAULT NULL,
  UNIQUE KEY `dp_usuarios_usuarios_usuario_unique` (`USUARIOS_USUARIO`)
) ENGINE=InnoDB DEFAULT CHARSET=utf8mb4 COLLATE=utf8mb4_unicode_ci;
/*!40101 SET character_set_client = @saved_cs_client */;

--
-- Dumping data for table `DP_USUARIOS`
--

LOCK TABLES `DP_USUARIOS` WRITE;
/*!40000 ALTER TABLE `DP_USUARIOS` DISABLE KEYS */;
INSERT INTO `DP_USUARIOS` VALUES ('CCU/DP/CE-03','USUARIO 2','2018-11-15 21:11:57',NULL),('CCU/DP/DIR-01','LUZ MARÍA NOVOA FLANDES','2018-11-15 21:11:28',NULL),('CCU/DT/CE-02','USUARIO DE EVENTOS','2018-11-15 21:11:43',NULL),('CI/DP/AD-04','YESSICA RAMOS','2018-11-21 22:42:53',NULL),('CI/DP/CE-02','MARVIN ELIOSA','2018-11-21 22:35:13',NULL),('CI/DP/DCI-01','MARGARITA TRUJILLO LANDA','2018-11-09 22:35:37',NULL),('CI/DT/EDU-03','JAVIER SANCHEZ','2018-11-21 22:36:05',NULL),('coordinacion','Personal de la Coordinacion','2018-11-22 16:59:44',NULL),('DRH/DP/DIR-01','JAIME MENESES GUERRA','2018-11-15 20:53:20',NULL),('DRH/DT/SUB-02','USUARIO SUBDIRECTOR','2018-11-15 20:54:02',NULL),('marvineliosa','Marvin Gabriel Eliosa Abaroa','2018-11-09 22:10:58',NULL),('meneses','Jaime Meneses Guerra','2018-11-09 22:11:14',NULL);
/*!40000 ALTER TABLE `DP_USUARIOS` ENABLE KEYS */;
UNLOCK TABLES;

--
-- Table structure for table `REL_ACT_ESP_DESCRIPCION`
--

DROP TABLE IF EXISTS `REL_ACT_ESP_DESCRIPCION`;
/*!40101 SET @saved_cs_client     = @@character_set_client */;
/*!40101 SET character_set_client = utf8 */;
CREATE TABLE `REL_ACT_ESP_DESCRIPCION` (
  `FK_ACTIVIDAD_ESPECIFICA` int(10) unsigned NOT NULL,
  `FK_DESCRIPCION` int(10) unsigned NOT NULL,
  KEY `rel_act_esp_descripcion_fk_actividad_especifica_foreign` (`FK_ACTIVIDAD_ESPECIFICA`),
  KEY `rel_act_esp_descripcion_fk_descripcion_foreign` (`FK_DESCRIPCION`),
  CONSTRAINT `rel_act_esp_descripcion_fk_actividad_especifica_foreign` FOREIGN KEY (`FK_ACTIVIDAD_ESPECIFICA`) REFERENCES `DP_ACTIVIDADES_ESPECIFICAS` (`ACTIVIDADES_ESPECIFICAS_ID`),
  CONSTRAINT `rel_act_esp_descripcion_fk_descripcion_foreign` FOREIGN KEY (`FK_DESCRIPCION`) REFERENCES `DP_DESCRIPCIONES` (`DESCRIPCIONES_ID`)
) ENGINE=InnoDB DEFAULT CHARSET=utf8mb4 COLLATE=utf8mb4_unicode_ci;
/*!40101 SET character_set_client = @saved_cs_client */;

--
-- Dumping data for table `REL_ACT_ESP_DESCRIPCION`
--

LOCK TABLES `REL_ACT_ESP_DESCRIPCION` WRITE;
/*!40000 ALTER TABLE `REL_ACT_ESP_DESCRIPCION` DISABLE KEYS */;
/*!40000 ALTER TABLE `REL_ACT_ESP_DESCRIPCION` ENABLE KEYS */;
UNLOCK TABLES;

--
-- Table structure for table `REL_ACT_GRAL_DESCRIPCION`
--

DROP TABLE IF EXISTS `REL_ACT_GRAL_DESCRIPCION`;
/*!40101 SET @saved_cs_client     = @@character_set_client */;
/*!40101 SET character_set_client = utf8 */;
CREATE TABLE `REL_ACT_GRAL_DESCRIPCION` (
  `FK_ACTIVIDAD_GENERAL` int(10) unsigned NOT NULL,
  `FK_DESCRIPCION` int(10) unsigned NOT NULL,
  KEY `rel_act_gral_descripcion_fk_actividad_general_foreign` (`FK_ACTIVIDAD_GENERAL`),
  KEY `rel_act_gral_descripcion_fk_descripcion_foreign` (`FK_DESCRIPCION`),
  CONSTRAINT `rel_act_gral_descripcion_fk_actividad_general_foreign` FOREIGN KEY (`FK_ACTIVIDAD_GENERAL`) REFERENCES `DP_ACTIVIDADES_GENERALES` (`ACTIVIDADES_GENERALES_ID`),
  CONSTRAINT `rel_act_gral_descripcion_fk_descripcion_foreign` FOREIGN KEY (`FK_DESCRIPCION`) REFERENCES `DP_DESCRIPCIONES` (`DESCRIPCIONES_ID`)
) ENGINE=InnoDB DEFAULT CHARSET=utf8mb4 COLLATE=utf8mb4_unicode_ci;
/*!40101 SET character_set_client = @saved_cs_client */;

--
-- Dumping data for table `REL_ACT_GRAL_DESCRIPCION`
--

LOCK TABLES `REL_ACT_GRAL_DESCRIPCION` WRITE;
/*!40000 ALTER TABLE `REL_ACT_GRAL_DESCRIPCION` DISABLE KEYS */;
/*!40000 ALTER TABLE `REL_ACT_GRAL_DESCRIPCION` ENABLE KEYS */;
UNLOCK TABLES;

--
-- Table structure for table `REL_ARCHIVOS_DEPENDENCIAS`
--

DROP TABLE IF EXISTS `REL_ARCHIVOS_DEPENDENCIAS`;
/*!40101 SET @saved_cs_client     = @@character_set_client */;
/*!40101 SET character_set_client = utf8 */;
CREATE TABLE `REL_ARCHIVOS_DEPENDENCIAS` (
  `FK_ARCHIVO` int(10) unsigned NOT NULL,
  `FK_DEPENDENCIA` int(10) unsigned NOT NULL,
  KEY `rel_archivos_dependencias_fk_archivo_foreign` (`FK_ARCHIVO`),
  KEY `rel_archivos_dependencias_fk_dependencia_foreign` (`FK_DEPENDENCIA`),
  CONSTRAINT `rel_archivos_dependencias_fk_archivo_foreign` FOREIGN KEY (`FK_ARCHIVO`) REFERENCES `DP_ARCHIVOS` (`ARCHIVOS_ID`),
  CONSTRAINT `rel_archivos_dependencias_fk_dependencia_foreign` FOREIGN KEY (`FK_DEPENDENCIA`) REFERENCES `DP_DEPENDENCIAS` (`DEPENDENCIAS_ID`)
) ENGINE=InnoDB DEFAULT CHARSET=utf8mb4 COLLATE=utf8mb4_unicode_ci;
/*!40101 SET character_set_client = @saved_cs_client */;

--
-- Dumping data for table `REL_ARCHIVOS_DEPENDENCIAS`
--

LOCK TABLES `REL_ARCHIVOS_DEPENDENCIAS` WRITE;
/*!40000 ALTER TABLE `REL_ARCHIVOS_DEPENDENCIAS` DISABLE KEYS */;
INSERT INTO `REL_ARCHIVOS_DEPENDENCIAS` VALUES (1,16),(2,16);
/*!40000 ALTER TABLE `REL_ARCHIVOS_DEPENDENCIAS` ENABLE KEYS */;
UNLOCK TABLES;

--
-- Table structure for table `REL_ARCHIVOS_DESCRIPCIONES`
--

DROP TABLE IF EXISTS `REL_ARCHIVOS_DESCRIPCIONES`;
/*!40101 SET @saved_cs_client     = @@character_set_client */;
/*!40101 SET character_set_client = utf8 */;
CREATE TABLE `REL_ARCHIVOS_DESCRIPCIONES` (
  `FK_ARCHIVO` int(10) unsigned NOT NULL,
  `FK_DESCRIPCION` int(10) unsigned NOT NULL,
  KEY `rel_archivos_descripciones_fk_archivo_foreign` (`FK_ARCHIVO`),
  KEY `rel_archivos_descripciones_fk_descripcion_foreign` (`FK_DESCRIPCION`),
  CONSTRAINT `rel_archivos_descripciones_fk_archivo_foreign` FOREIGN KEY (`FK_ARCHIVO`) REFERENCES `DP_ARCHIVOS` (`ARCHIVOS_ID`),
  CONSTRAINT `rel_archivos_descripciones_fk_descripcion_foreign` FOREIGN KEY (`FK_DESCRIPCION`) REFERENCES `DP_DESCRIPCIONES` (`DESCRIPCIONES_ID`)
) ENGINE=InnoDB DEFAULT CHARSET=utf8mb4 COLLATE=utf8mb4_unicode_ci;
/*!40101 SET character_set_client = @saved_cs_client */;

--
-- Dumping data for table `REL_ARCHIVOS_DESCRIPCIONES`
--

LOCK TABLES `REL_ARCHIVOS_DESCRIPCIONES` WRITE;
/*!40000 ALTER TABLE `REL_ARCHIVOS_DESCRIPCIONES` DISABLE KEYS */;
/*!40000 ALTER TABLE `REL_ARCHIVOS_DESCRIPCIONES` ENABLE KEYS */;
UNLOCK TABLES;

--
-- Table structure for table `REL_AREA_ANIOS_DESCRIPCION`
--

DROP TABLE IF EXISTS `REL_AREA_ANIOS_DESCRIPCION`;
/*!40101 SET @saved_cs_client     = @@character_set_client */;
/*!40101 SET character_set_client = utf8 */;
CREATE TABLE `REL_AREA_ANIOS_DESCRIPCION` (
  `FK_AREAS_ANIOS` int(10) unsigned NOT NULL,
  `FK_DESCRIPCION` int(10) unsigned NOT NULL,
  KEY `rel_area_anios_descripcion_fk_areas_anios_foreign` (`FK_AREAS_ANIOS`),
  KEY `rel_area_anios_descripcion_fk_descripcion_foreign` (`FK_DESCRIPCION`),
  CONSTRAINT `rel_area_anios_descripcion_fk_areas_anios_foreign` FOREIGN KEY (`FK_AREAS_ANIOS`) REFERENCES `DP_AREAS_ANIOS_EXPERIENCIA` (`AREAS_ANIOS_EXPERIENCIA_ID`),
  CONSTRAINT `rel_area_anios_descripcion_fk_descripcion_foreign` FOREIGN KEY (`FK_DESCRIPCION`) REFERENCES `DP_DESCRIPCIONES` (`DESCRIPCIONES_ID`)
) ENGINE=InnoDB DEFAULT CHARSET=utf8mb4 COLLATE=utf8mb4_unicode_ci;
/*!40101 SET character_set_client = @saved_cs_client */;

--
-- Dumping data for table `REL_AREA_ANIOS_DESCRIPCION`
--

LOCK TABLES `REL_AREA_ANIOS_DESCRIPCION` WRITE;
/*!40000 ALTER TABLE `REL_AREA_ANIOS_DESCRIPCION` DISABLE KEYS */;
/*!40000 ALTER TABLE `REL_AREA_ANIOS_DESCRIPCION` ENABLE KEYS */;
UNLOCK TABLES;

--
-- Table structure for table `REL_AREA_ORGANIGRAMA`
--

DROP TABLE IF EXISTS `REL_AREA_ORGANIGRAMA`;
/*!40101 SET @saved_cs_client     = @@character_set_client */;
/*!40101 SET character_set_client = utf8 */;
CREATE TABLE `REL_AREA_ORGANIGRAMA` (
  `FK_DEPENDENCIA` int(10) unsigned NOT NULL,
  `FK_PUESTO` int(10) unsigned NOT NULL,
  `FK_PUESTO_PADRE` int(10) unsigned NOT NULL,
  KEY `rel_area_organigrama_fk_dependencia_foreign` (`FK_DEPENDENCIA`),
  KEY `rel_area_organigrama_fk_puesto_foreign` (`FK_PUESTO`),
  KEY `rel_area_organigrama_fk_puesto_padre_foreign` (`FK_PUESTO_PADRE`),
  CONSTRAINT `rel_area_organigrama_fk_dependencia_foreign` FOREIGN KEY (`FK_DEPENDENCIA`) REFERENCES `DP_DEPENDENCIAS` (`DEPENDENCIAS_ID`),
  CONSTRAINT `rel_area_organigrama_fk_puesto_foreign` FOREIGN KEY (`FK_PUESTO`) REFERENCES `DP_DESCRIPCIONES` (`DESCRIPCIONES_ID`),
  CONSTRAINT `rel_area_organigrama_fk_puesto_padre_foreign` FOREIGN KEY (`FK_PUESTO_PADRE`) REFERENCES `DP_DESCRIPCIONES` (`DESCRIPCIONES_ID`)
) ENGINE=InnoDB DEFAULT CHARSET=utf8mb4 COLLATE=utf8mb4_unicode_ci;
/*!40101 SET character_set_client = @saved_cs_client */;

--
-- Dumping data for table `REL_AREA_ORGANIGRAMA`
--

LOCK TABLES `REL_AREA_ORGANIGRAMA` WRITE;
/*!40000 ALTER TABLE `REL_AREA_ORGANIGRAMA` DISABLE KEYS */;
/*!40000 ALTER TABLE `REL_AREA_ORGANIGRAMA` ENABLE KEYS */;
UNLOCK TABLES;

--
-- Table structure for table `REL_CABEZA_SECTOR`
--

DROP TABLE IF EXISTS `REL_CABEZA_SECTOR`;
/*!40101 SET @saved_cs_client     = @@character_set_client */;
/*!40101 SET character_set_client = utf8 */;
CREATE TABLE `REL_CABEZA_SECTOR` (
  `FK_DEPENDENCIA` int(10) unsigned NOT NULL,
  `FK_CABEZA_SECTOR` int(10) unsigned NOT NULL,
  KEY `rel_cabeza_sector_fk_dependencia_foreign` (`FK_DEPENDENCIA`),
  KEY `rel_cabeza_sector_fk_cabeza_sector_foreign` (`FK_CABEZA_SECTOR`),
  CONSTRAINT `rel_cabeza_sector_fk_cabeza_sector_foreign` FOREIGN KEY (`FK_CABEZA_SECTOR`) REFERENCES `DP_DEPENDENCIAS` (`DEPENDENCIAS_ID`),
  CONSTRAINT `rel_cabeza_sector_fk_dependencia_foreign` FOREIGN KEY (`FK_DEPENDENCIA`) REFERENCES `DP_DEPENDENCIAS` (`DEPENDENCIAS_ID`)
) ENGINE=InnoDB DEFAULT CHARSET=utf8mb4 COLLATE=utf8mb4_unicode_ci;
/*!40101 SET character_set_client = @saved_cs_client */;

--
-- Dumping data for table `REL_CABEZA_SECTOR`
--

LOCK TABLES `REL_CABEZA_SECTOR` WRITE;
/*!40000 ALTER TABLE `REL_CABEZA_SECTOR` DISABLE KEYS */;
INSERT INTO `REL_CABEZA_SECTOR` VALUES (13,42),(42,25),(16,90);
/*!40000 ALTER TABLE `REL_CABEZA_SECTOR` ENABLE KEYS */;
UNLOCK TABLES;

--
-- Table structure for table `REL_COMPET_GENERICA_DESCRIPCION`
--

DROP TABLE IF EXISTS `REL_COMPET_GENERICA_DESCRIPCION`;
/*!40101 SET @saved_cs_client     = @@character_set_client */;
/*!40101 SET character_set_client = utf8 */;
CREATE TABLE `REL_COMPET_GENERICA_DESCRIPCION` (
  `FK_COMPET_GENERICA` int(10) unsigned NOT NULL,
  `FK_DESCRIPCION` int(10) unsigned NOT NULL,
  KEY `rel_compet_generica_descripcion_fk_compet_generica_foreign` (`FK_COMPET_GENERICA`),
  KEY `rel_compet_generica_descripcion_fk_descripcion_foreign` (`FK_DESCRIPCION`),
  CONSTRAINT `rel_compet_generica_descripcion_fk_compet_generica_foreign` FOREIGN KEY (`FK_COMPET_GENERICA`) REFERENCES `DP_COMPETENCIAS_GENERICAS` (`COMPETENCIAS_GENERICAS_ID`),
  CONSTRAINT `rel_compet_generica_descripcion_fk_descripcion_foreign` FOREIGN KEY (`FK_DESCRIPCION`) REFERENCES `DP_DESCRIPCIONES` (`DESCRIPCIONES_ID`)
) ENGINE=InnoDB DEFAULT CHARSET=utf8mb4 COLLATE=utf8mb4_unicode_ci;
/*!40101 SET character_set_client = @saved_cs_client */;

--
-- Dumping data for table `REL_COMPET_GENERICA_DESCRIPCION`
--

LOCK TABLES `REL_COMPET_GENERICA_DESCRIPCION` WRITE;
/*!40000 ALTER TABLE `REL_COMPET_GENERICA_DESCRIPCION` DISABLE KEYS */;
/*!40000 ALTER TABLE `REL_COMPET_GENERICA_DESCRIPCION` ENABLE KEYS */;
UNLOCK TABLES;

--
-- Table structure for table `REL_COMPET_TECNICA_DESCRIPCION`
--

DROP TABLE IF EXISTS `REL_COMPET_TECNICA_DESCRIPCION`;
/*!40101 SET @saved_cs_client     = @@character_set_client */;
/*!40101 SET character_set_client = utf8 */;
CREATE TABLE `REL_COMPET_TECNICA_DESCRIPCION` (
  `FK_COMPET_TECNICA` int(10) unsigned NOT NULL,
  `FK_DESCRIPCION` int(10) unsigned NOT NULL,
  KEY `rel_compet_tecnica_descripcion_fk_compet_tecnica_foreign` (`FK_COMPET_TECNICA`),
  KEY `rel_compet_tecnica_descripcion_fk_descripcion_foreign` (`FK_DESCRIPCION`),
  CONSTRAINT `rel_compet_tecnica_descripcion_fk_compet_tecnica_foreign` FOREIGN KEY (`FK_COMPET_TECNICA`) REFERENCES `DP_COMPETENCIAS_TECNICAS` (`COMPETENCIAS_TECNICAS_ID`),
  CONSTRAINT `rel_compet_tecnica_descripcion_fk_descripcion_foreign` FOREIGN KEY (`FK_DESCRIPCION`) REFERENCES `DP_DESCRIPCIONES` (`DESCRIPCIONES_ID`)
) ENGINE=InnoDB DEFAULT CHARSET=utf8mb4 COLLATE=utf8mb4_unicode_ci;
/*!40101 SET character_set_client = @saved_cs_client */;

--
-- Dumping data for table `REL_COMPET_TECNICA_DESCRIPCION`
--

LOCK TABLES `REL_COMPET_TECNICA_DESCRIPCION` WRITE;
/*!40000 ALTER TABLE `REL_COMPET_TECNICA_DESCRIPCION` DISABLE KEYS */;
/*!40000 ALTER TABLE `REL_COMPET_TECNICA_DESCRIPCION` ENABLE KEYS */;
UNLOCK TABLES;

--
-- Table structure for table `REL_COMPUTACION_DESCRIPCION`
--

DROP TABLE IF EXISTS `REL_COMPUTACION_DESCRIPCION`;
/*!40101 SET @saved_cs_client     = @@character_set_client */;
/*!40101 SET character_set_client = utf8 */;
CREATE TABLE `REL_COMPUTACION_DESCRIPCION` (
  `FK_COMPUTACION` int(10) unsigned NOT NULL,
  `FK_DESCRIPCION` int(10) unsigned NOT NULL,
  KEY `rel_computacion_descripcion_fk_computacion_foreign` (`FK_COMPUTACION`),
  KEY `rel_computacion_descripcion_fk_descripcion_foreign` (`FK_DESCRIPCION`),
  CONSTRAINT `rel_computacion_descripcion_fk_computacion_foreign` FOREIGN KEY (`FK_COMPUTACION`) REFERENCES `DP_COMPUTACION` (`COMPUTACION_ID`),
  CONSTRAINT `rel_computacion_descripcion_fk_descripcion_foreign` FOREIGN KEY (`FK_DESCRIPCION`) REFERENCES `DP_DESCRIPCIONES` (`DESCRIPCIONES_ID`)
) ENGINE=InnoDB DEFAULT CHARSET=utf8mb4 COLLATE=utf8mb4_unicode_ci;
/*!40101 SET character_set_client = @saved_cs_client */;

--
-- Dumping data for table `REL_COMPUTACION_DESCRIPCION`
--

LOCK TABLES `REL_COMPUTACION_DESCRIPCION` WRITE;
/*!40000 ALTER TABLE `REL_COMPUTACION_DESCRIPCION` DISABLE KEYS */;
/*!40000 ALTER TABLE `REL_COMPUTACION_DESCRIPCION` ENABLE KEYS */;
UNLOCK TABLES;

--
-- Table structure for table `REL_DEPENDENCIA_DESCRIPCION`
--

DROP TABLE IF EXISTS `REL_DEPENDENCIA_DESCRIPCION`;
/*!40101 SET @saved_cs_client     = @@character_set_client */;
/*!40101 SET character_set_client = utf8 */;
CREATE TABLE `REL_DEPENDENCIA_DESCRIPCION` (
  `FK_DEPENDENCIA` int(10) unsigned NOT NULL,
  `FK_DESCRIPCION` int(10) unsigned NOT NULL,
  KEY `rel_dependencia_descripcion_fk_dependencia_foreign` (`FK_DEPENDENCIA`),
  KEY `rel_dependencia_descripcion_fk_descripcion_foreign` (`FK_DESCRIPCION`),
  CONSTRAINT `rel_dependencia_descripcion_fk_dependencia_foreign` FOREIGN KEY (`FK_DEPENDENCIA`) REFERENCES `DP_DEPENDENCIAS` (`DEPENDENCIAS_ID`),
  CONSTRAINT `rel_dependencia_descripcion_fk_descripcion_foreign` FOREIGN KEY (`FK_DESCRIPCION`) REFERENCES `DP_DESCRIPCIONES` (`DESCRIPCIONES_ID`)
) ENGINE=InnoDB DEFAULT CHARSET=utf8mb4 COLLATE=utf8mb4_unicode_ci;
/*!40101 SET character_set_client = @saved_cs_client */;

--
-- Dumping data for table `REL_DEPENDENCIA_DESCRIPCION`
--

LOCK TABLES `REL_DEPENDENCIA_DESCRIPCION` WRITE;
/*!40000 ALTER TABLE `REL_DEPENDENCIA_DESCRIPCION` DISABLE KEYS */;
INSERT INTO `REL_DEPENDENCIA_DESCRIPCION` VALUES (13,1),(42,2),(42,3),(16,4),(16,5),(16,6),(13,7),(13,8),(13,9);
/*!40000 ALTER TABLE `REL_DEPENDENCIA_DESCRIPCION` ENABLE KEYS */;
UNLOCK TABLES;

--
-- Table structure for table `REL_IDIOMA_DESCRIPCION`
--

DROP TABLE IF EXISTS `REL_IDIOMA_DESCRIPCION`;
/*!40101 SET @saved_cs_client     = @@character_set_client */;
/*!40101 SET character_set_client = utf8 */;
CREATE TABLE `REL_IDIOMA_DESCRIPCION` (
  `FK_IDIOMA` int(10) unsigned NOT NULL,
  `FK_DESCRIPCION` int(10) unsigned NOT NULL,
  KEY `rel_idioma_descripcion_fk_idioma_foreign` (`FK_IDIOMA`),
  KEY `rel_idioma_descripcion_fk_descripcion_foreign` (`FK_DESCRIPCION`),
  CONSTRAINT `rel_idioma_descripcion_fk_descripcion_foreign` FOREIGN KEY (`FK_DESCRIPCION`) REFERENCES `DP_DESCRIPCIONES` (`DESCRIPCIONES_ID`),
  CONSTRAINT `rel_idioma_descripcion_fk_idioma_foreign` FOREIGN KEY (`FK_IDIOMA`) REFERENCES `DP_IDIOMAS` (`IDIOMAS_ID`)
) ENGINE=InnoDB DEFAULT CHARSET=utf8mb4 COLLATE=utf8mb4_unicode_ci;
/*!40101 SET character_set_client = @saved_cs_client */;

--
-- Dumping data for table `REL_IDIOMA_DESCRIPCION`
--

LOCK TABLES `REL_IDIOMA_DESCRIPCION` WRITE;
/*!40000 ALTER TABLE `REL_IDIOMA_DESCRIPCION` DISABLE KEYS */;
/*!40000 ALTER TABLE `REL_IDIOMA_DESCRIPCION` ENABLE KEYS */;
UNLOCK TABLES;

--
-- Table structure for table `REL_LDISTRIBUCION_DESCRIPCION`
--

DROP TABLE IF EXISTS `REL_LDISTRIBUCION_DESCRIPCION`;
/*!40101 SET @saved_cs_client     = @@character_set_client */;
/*!40101 SET character_set_client = utf8 */;
CREATE TABLE `REL_LDISTRIBUCION_DESCRIPCION` (
  `FK_LISTA_DISTRIBUCION` int(10) unsigned NOT NULL,
  `FK_DESCRIPCION` int(10) unsigned NOT NULL,
  KEY `rel_ldistribucion_descripcion_fk_lista_distribucion_foreign` (`FK_LISTA_DISTRIBUCION`),
  KEY `rel_ldistribucion_descripcion_fk_descripcion_foreign` (`FK_DESCRIPCION`),
  CONSTRAINT `rel_ldistribucion_descripcion_fk_descripcion_foreign` FOREIGN KEY (`FK_DESCRIPCION`) REFERENCES `DP_DESCRIPCIONES` (`DESCRIPCIONES_ID`),
  CONSTRAINT `rel_ldistribucion_descripcion_fk_lista_distribucion_foreign` FOREIGN KEY (`FK_LISTA_DISTRIBUCION`) REFERENCES `DP_LISTA_DISTRIBUCION` (`LISTA_DISTRIBUCION_ID`)
) ENGINE=InnoDB DEFAULT CHARSET=utf8mb4 COLLATE=utf8mb4_unicode_ci;
/*!40101 SET character_set_client = @saved_cs_client */;

--
-- Dumping data for table `REL_LDISTRIBUCION_DESCRIPCION`
--

LOCK TABLES `REL_LDISTRIBUCION_DESCRIPCION` WRITE;
/*!40000 ALTER TABLE `REL_LDISTRIBUCION_DESCRIPCION` DISABLE KEYS */;
/*!40000 ALTER TABLE `REL_LDISTRIBUCION_DESCRIPCION` ENABLE KEYS */;
UNLOCK TABLES;

--
-- Table structure for table `REL_PROFESION_AREA`
--

DROP TABLE IF EXISTS `REL_PROFESION_AREA`;
/*!40101 SET @saved_cs_client     = @@character_set_client */;
/*!40101 SET character_set_client = utf8 */;
CREATE TABLE `REL_PROFESION_AREA` (
  `FK_PROFESION` int(10) unsigned NOT NULL,
  `FK_AREA` int(10) unsigned NOT NULL,
  KEY `rel_profesion_area_fk_profesion_foreign` (`FK_PROFESION`),
  KEY `rel_profesion_area_fk_area_foreign` (`FK_AREA`),
  CONSTRAINT `rel_profesion_area_fk_area_foreign` FOREIGN KEY (`FK_AREA`) REFERENCES `DP_CAT_AREAS` (`CAT_AREAS_ID`),
  CONSTRAINT `rel_profesion_area_fk_profesion_foreign` FOREIGN KEY (`FK_PROFESION`) REFERENCES `DP_CAT_PROFESIONES` (`CAT_PROFESIONES_ID`)
) ENGINE=InnoDB DEFAULT CHARSET=utf8mb4 COLLATE=utf8mb4_unicode_ci;
/*!40101 SET character_set_client = @saved_cs_client */;

--
-- Dumping data for table `REL_PROFESION_AREA`
--

LOCK TABLES `REL_PROFESION_AREA` WRITE;
/*!40000 ALTER TABLE `REL_PROFESION_AREA` DISABLE KEYS */;
/*!40000 ALTER TABLE `REL_PROFESION_AREA` ENABLE KEYS */;
UNLOCK TABLES;

--
-- Table structure for table `REL_PROFESION_DESCRIPCION`
--

DROP TABLE IF EXISTS `REL_PROFESION_DESCRIPCION`;
/*!40101 SET @saved_cs_client     = @@character_set_client */;
/*!40101 SET character_set_client = utf8 */;
CREATE TABLE `REL_PROFESION_DESCRIPCION` (
  `FK_PROFESION` int(10) unsigned DEFAULT NULL,
  `FK_DESCRIPCION` int(10) unsigned NOT NULL,
  `REL_PROFESION_DESCRIPCION_OTROS` varchar(255) COLLATE utf8mb4_unicode_ci DEFAULT NULL,
  `REL_PROFESION_DESCRIPCION_ESTATUS` int(11) NOT NULL,
  `REL_PROFESION_DESCRIPCION_MENSAJE` text COLLATE utf8mb4_unicode_ci,
  KEY `rel_profesion_descripcion_fk_profesion_foreign` (`FK_PROFESION`),
  KEY `rel_profesion_descripcion_fk_descripcion_foreign` (`FK_DESCRIPCION`),
  CONSTRAINT `rel_profesion_descripcion_fk_descripcion_foreign` FOREIGN KEY (`FK_DESCRIPCION`) REFERENCES `DP_DESCRIPCIONES` (`DESCRIPCIONES_ID`),
  CONSTRAINT `rel_profesion_descripcion_fk_profesion_foreign` FOREIGN KEY (`FK_PROFESION`) REFERENCES `DP_CAT_PROFESIONES` (`CAT_PROFESIONES_ID`)
) ENGINE=InnoDB DEFAULT CHARSET=utf8mb4 COLLATE=utf8mb4_unicode_ci;
/*!40101 SET character_set_client = @saved_cs_client */;

--
-- Dumping data for table `REL_PROFESION_DESCRIPCION`
--

LOCK TABLES `REL_PROFESION_DESCRIPCION` WRITE;
/*!40000 ALTER TABLE `REL_PROFESION_DESCRIPCION` DISABLE KEYS */;
/*!40000 ALTER TABLE `REL_PROFESION_DESCRIPCION` ENABLE KEYS */;
UNLOCK TABLES;

--
-- Table structure for table `REL_PROPOSITO_DESCRIPCION`
--

DROP TABLE IF EXISTS `REL_PROPOSITO_DESCRIPCION`;
/*!40101 SET @saved_cs_client     = @@character_set_client */;
/*!40101 SET character_set_client = utf8 */;
CREATE TABLE `REL_PROPOSITO_DESCRIPCION` (
  `FK_PROPOSITO` int(10) unsigned NOT NULL,
  `FK_DESCRIPCION` int(10) unsigned NOT NULL,
  KEY `rel_proposito_descripcion_fk_proposito_foreign` (`FK_PROPOSITO`),
  KEY `rel_proposito_descripcion_fk_descripcion_foreign` (`FK_DESCRIPCION`),
  CONSTRAINT `rel_proposito_descripcion_fk_descripcion_foreign` FOREIGN KEY (`FK_DESCRIPCION`) REFERENCES `DP_DESCRIPCIONES` (`DESCRIPCIONES_ID`),
  CONSTRAINT `rel_proposito_descripcion_fk_proposito_foreign` FOREIGN KEY (`FK_PROPOSITO`) REFERENCES `DP_PROPOSITO_GENERAL` (`PROPOSITO_GENERAL_ID`)
) ENGINE=InnoDB DEFAULT CHARSET=utf8mb4 COLLATE=utf8mb4_unicode_ci;
/*!40101 SET character_set_client = @saved_cs_client */;

--
-- Dumping data for table `REL_PROPOSITO_DESCRIPCION`
--

LOCK TABLES `REL_PROPOSITO_DESCRIPCION` WRITE;
/*!40000 ALTER TABLE `REL_PROPOSITO_DESCRIPCION` DISABLE KEYS */;
/*!40000 ALTER TABLE `REL_PROPOSITO_DESCRIPCION` ENABLE KEYS */;
UNLOCK TABLES;

--
-- Table structure for table `REL_PUESTOS_CLIENTES_DESCRIPCION`
--

DROP TABLE IF EXISTS `REL_PUESTOS_CLIENTES_DESCRIPCION`;
/*!40101 SET @saved_cs_client     = @@character_set_client */;
/*!40101 SET character_set_client = utf8 */;
CREATE TABLE `REL_PUESTOS_CLIENTES_DESCRIPCION` (
  `FK_PUESTO_CLIENTE` int(10) unsigned NOT NULL,
  `FK_DESCRIPCION` int(10) unsigned NOT NULL,
  KEY `rel_puestos_clientes_descripcion_fk_puesto_cliente_foreign` (`FK_PUESTO_CLIENTE`),
  KEY `rel_puestos_clientes_descripcion_fk_descripcion_foreign` (`FK_DESCRIPCION`),
  CONSTRAINT `rel_puestos_clientes_descripcion_fk_descripcion_foreign` FOREIGN KEY (`FK_DESCRIPCION`) REFERENCES `DP_DESCRIPCIONES` (`DESCRIPCIONES_ID`),
  CONSTRAINT `rel_puestos_clientes_descripcion_fk_puesto_cliente_foreign` FOREIGN KEY (`FK_PUESTO_CLIENTE`) REFERENCES `DP_PUESTOS_CLIENTES` (`PUESTOS_CLIENTES_ID`)
) ENGINE=InnoDB DEFAULT CHARSET=utf8mb4 COLLATE=utf8mb4_unicode_ci;
/*!40101 SET character_set_client = @saved_cs_client */;

--
-- Dumping data for table `REL_PUESTOS_CLIENTES_DESCRIPCION`
--

LOCK TABLES `REL_PUESTOS_CLIENTES_DESCRIPCION` WRITE;
/*!40000 ALTER TABLE `REL_PUESTOS_CLIENTES_DESCRIPCION` DISABLE KEYS */;
/*!40000 ALTER TABLE `REL_PUESTOS_CLIENTES_DESCRIPCION` ENABLE KEYS */;
UNLOCK TABLES;

--
-- Table structure for table `REL_PUESTOS_PROV_DESCRIPCION`
--

DROP TABLE IF EXISTS `REL_PUESTOS_PROV_DESCRIPCION`;
/*!40101 SET @saved_cs_client     = @@character_set_client */;
/*!40101 SET character_set_client = utf8 */;
CREATE TABLE `REL_PUESTOS_PROV_DESCRIPCION` (
  `FK_PUESTO_PROVEEDOR` int(10) unsigned NOT NULL,
  `FK_DESCRIPCION` int(10) unsigned NOT NULL,
  KEY `rel_puestos_prov_descripcion_fk_puesto_proveedor_foreign` (`FK_PUESTO_PROVEEDOR`),
  KEY `rel_puestos_prov_descripcion_fk_descripcion_foreign` (`FK_DESCRIPCION`),
  CONSTRAINT `rel_puestos_prov_descripcion_fk_descripcion_foreign` FOREIGN KEY (`FK_DESCRIPCION`) REFERENCES `DP_DESCRIPCIONES` (`DESCRIPCIONES_ID`),
  CONSTRAINT `rel_puestos_prov_descripcion_fk_puesto_proveedor_foreign` FOREIGN KEY (`FK_PUESTO_PROVEEDOR`) REFERENCES `DP_PUESTOS_PROVEEDORES` (`PUESTOS_PROVEEDORES_ID`)
) ENGINE=InnoDB DEFAULT CHARSET=utf8mb4 COLLATE=utf8mb4_unicode_ci;
/*!40101 SET character_set_client = @saved_cs_client */;

--
-- Dumping data for table `REL_PUESTOS_PROV_DESCRIPCION`
--

LOCK TABLES `REL_PUESTOS_PROV_DESCRIPCION` WRITE;
/*!40000 ALTER TABLE `REL_PUESTOS_PROV_DESCRIPCION` DISABLE KEYS */;
/*!40000 ALTER TABLE `REL_PUESTOS_PROV_DESCRIPCION` ENABLE KEYS */;
UNLOCK TABLES;

--
-- Table structure for table `REL_PUESTO_PADRE`
--

DROP TABLE IF EXISTS `REL_PUESTO_PADRE`;
/*!40101 SET @saved_cs_client     = @@character_set_client */;
/*!40101 SET character_set_client = utf8 */;
CREATE TABLE `REL_PUESTO_PADRE` (
  `FK_PUESTO` int(10) unsigned NOT NULL,
  `FK_PUESTO_PADRE` int(10) unsigned NOT NULL,
  KEY `rel_puesto_padre_fk_puesto_foreign` (`FK_PUESTO`),
  KEY `rel_puesto_padre_fk_puesto_padre_foreign` (`FK_PUESTO_PADRE`),
  CONSTRAINT `rel_puesto_padre_fk_puesto_foreign` FOREIGN KEY (`FK_PUESTO`) REFERENCES `DP_DESCRIPCIONES` (`DESCRIPCIONES_ID`),
  CONSTRAINT `rel_puesto_padre_fk_puesto_padre_foreign` FOREIGN KEY (`FK_PUESTO_PADRE`) REFERENCES `DP_DESCRIPCIONES` (`DESCRIPCIONES_ID`)
) ENGINE=InnoDB DEFAULT CHARSET=utf8mb4 COLLATE=utf8mb4_unicode_ci;
/*!40101 SET character_set_client = @saved_cs_client */;

--
-- Dumping data for table `REL_PUESTO_PADRE`
--

LOCK TABLES `REL_PUESTO_PADRE` WRITE;
/*!40000 ALTER TABLE `REL_PUESTO_PADRE` DISABLE KEYS */;
/*!40000 ALTER TABLE `REL_PUESTO_PADRE` ENABLE KEYS */;
UNLOCK TABLES;

--
-- Table structure for table `REL_USUARIO_DEPENDENCIA`
--

DROP TABLE IF EXISTS `REL_USUARIO_DEPENDENCIA`;
/*!40101 SET @saved_cs_client     = @@character_set_client */;
/*!40101 SET character_set_client = utf8 */;
CREATE TABLE `REL_USUARIO_DEPENDENCIA` (
  `FK_USUARIO` varchar(100) COLLATE utf8mb4_unicode_ci NOT NULL,
  `FK_DEPENDENCIA` int(10) unsigned NOT NULL,
  KEY `rel_usuario_dependencia_fk_usuario_foreign` (`FK_USUARIO`),
  KEY `rel_usuario_dependencia_fk_dependencia_foreign` (`FK_DEPENDENCIA`),
  CONSTRAINT `rel_usuario_dependencia_fk_dependencia_foreign` FOREIGN KEY (`FK_DEPENDENCIA`) REFERENCES `DP_DEPENDENCIAS` (`DEPENDENCIAS_ID`),
  CONSTRAINT `rel_usuario_dependencia_fk_usuario_foreign` FOREIGN KEY (`FK_USUARIO`) REFERENCES `DP_USUARIOS` (`USUARIOS_USUARIO`)
) ENGINE=InnoDB DEFAULT CHARSET=utf8mb4 COLLATE=utf8mb4_unicode_ci;
/*!40101 SET character_set_client = @saved_cs_client */;

--
-- Dumping data for table `REL_USUARIO_DEPENDENCIA`
--

LOCK TABLES `REL_USUARIO_DEPENDENCIA` WRITE;
/*!40000 ALTER TABLE `REL_USUARIO_DEPENDENCIA` DISABLE KEYS */;
INSERT INTO `REL_USUARIO_DEPENDENCIA` VALUES ('CI/DP/DCI-01',13),('DRH/DP/DIR-01',42),('DRH/DT/SUB-02',42),('CCU/DP/DIR-01',16),('CCU/DT/CE-02',16),('CCU/DP/CE-03',16),('CI/DP/CE-02',13),('CI/DT/EDU-03',13),('CI/DP/AD-04',13);
/*!40000 ALTER TABLE `REL_USUARIO_DEPENDENCIA` ENABLE KEYS */;
UNLOCK TABLES;

--
-- Table structure for table `REL_USUARIO_DESCRIPCION`
--

DROP TABLE IF EXISTS `REL_USUARIO_DESCRIPCION`;
/*!40101 SET @saved_cs_client     = @@character_set_client */;
/*!40101 SET character_set_client = utf8 */;
CREATE TABLE `REL_USUARIO_DESCRIPCION` (
  `FK_USUARIO` char(50) COLLATE utf8mb4_unicode_ci NOT NULL,
  `FK_DESCRIPCION` int(10) unsigned NOT NULL,
  KEY `rel_usuario_descripcion_fk_usuario_foreign` (`FK_USUARIO`),
  KEY `rel_usuario_descripcion_fk_descripcion_foreign` (`FK_DESCRIPCION`),
  CONSTRAINT `rel_usuario_descripcion_fk_descripcion_foreign` FOREIGN KEY (`FK_DESCRIPCION`) REFERENCES `DP_DESCRIPCIONES` (`DESCRIPCIONES_ID`),
  CONSTRAINT `rel_usuario_descripcion_fk_usuario_foreign` FOREIGN KEY (`FK_USUARIO`) REFERENCES `DP_USUARIOS` (`USUARIOS_USUARIO`) ON DELETE CASCADE ON UPDATE CASCADE
) ENGINE=InnoDB DEFAULT CHARSET=utf8mb4 COLLATE=utf8mb4_unicode_ci;
/*!40101 SET character_set_client = @saved_cs_client */;

--
-- Dumping data for table `REL_USUARIO_DESCRIPCION`
--

LOCK TABLES `REL_USUARIO_DESCRIPCION` WRITE;
/*!40000 ALTER TABLE `REL_USUARIO_DESCRIPCION` DISABLE KEYS */;
INSERT INTO `REL_USUARIO_DESCRIPCION` VALUES ('CCU/DP/DIR-01',5),('CCU/DP/CE-03',6),('CCU/DT/CE-02',6),('CI/DP/AD-04',8),('DRH/DP/DIR-01',2);
/*!40000 ALTER TABLE `REL_USUARIO_DESCRIPCION` ENABLE KEYS */;
UNLOCK TABLES;

--
-- Table structure for table `REL_VALIDACION_DESCRIPCION`
--

DROP TABLE IF EXISTS `REL_VALIDACION_DESCRIPCION`;
/*!40101 SET @saved_cs_client     = @@character_set_client */;
/*!40101 SET character_set_client = utf8 */;
CREATE TABLE `REL_VALIDACION_DESCRIPCION` (
  `FK_VALIDACION` int(10) unsigned NOT NULL,
  `FK_DESCRIPCION` int(10) unsigned NOT NULL,
  `FK_FACILITADOR` varchar(100) COLLATE utf8mb4_unicode_ci NOT NULL,
  KEY `rel_validacion_descripcion_fk_validacion_foreign` (`FK_VALIDACION`),
  KEY `rel_validacion_descripcion_fk_descripcion_foreign` (`FK_DESCRIPCION`),
  KEY `rel_validacion_descripcion_fk_facilitador_foreign` (`FK_FACILITADOR`),
  CONSTRAINT `rel_validacion_descripcion_fk_descripcion_foreign` FOREIGN KEY (`FK_DESCRIPCION`) REFERENCES `DP_DESCRIPCIONES` (`DESCRIPCIONES_ID`),
  CONSTRAINT `rel_validacion_descripcion_fk_facilitador_foreign` FOREIGN KEY (`FK_FACILITADOR`) REFERENCES `DP_USUARIOS` (`USUARIOS_USUARIO`),
  CONSTRAINT `rel_validacion_descripcion_fk_validacion_foreign` FOREIGN KEY (`FK_VALIDACION`) REFERENCES `DP_FECHAS_VALIDACION` (`FECHAS_VALIDACION_ID`)
) ENGINE=InnoDB DEFAULT CHARSET=utf8mb4 COLLATE=utf8mb4_unicode_ci;
/*!40101 SET character_set_client = @saved_cs_client */;

--
-- Dumping data for table `REL_VALIDACION_DESCRIPCION`
--

LOCK TABLES `REL_VALIDACION_DESCRIPCION` WRITE;
/*!40000 ALTER TABLE `REL_VALIDACION_DESCRIPCION` DISABLE KEYS */;
/*!40000 ALTER TABLE `REL_VALIDACION_DESCRIPCION` ENABLE KEYS */;
UNLOCK TABLES;

--
-- Table structure for table `migrations`
--

DROP TABLE IF EXISTS `migrations`;
/*!40101 SET @saved_cs_client     = @@character_set_client */;
/*!40101 SET character_set_client = utf8 */;
CREATE TABLE `migrations` (
  `id` int(10) unsigned NOT NULL AUTO_INCREMENT,
  `migration` varchar(255) COLLATE utf8mb4_unicode_ci NOT NULL,
  `batch` int(11) NOT NULL,
  PRIMARY KEY (`id`)
) ENGINE=InnoDB AUTO_INCREMENT=44 DEFAULT CHARSET=utf8mb4 COLLATE=utf8mb4_unicode_ci;
/*!40101 SET character_set_client = @saved_cs_client */;

--
-- Dumping data for table `migrations`
--

LOCK TABLES `migrations` WRITE;
/*!40000 ALTER TABLE `migrations` DISABLE KEYS */;
INSERT INTO `migrations` VALUES (1,'2014_10_12_000000_create_users_table',1),(2,'2014_10_12_100000_create_password_resets_table',1),(3,'2018_10_03_182712_create_login_table',1),(4,'2018_10_03_200537_create_usuarios_table',1),(5,'2018_10_03_210902_create_dependencia_table',1),(6,'2018_10_03_212658_create_descripciones_table',1),(7,'2018_10_03_214324_create_actividades_generales_table',1),(8,'2018_10_04_141750_create_proposito_general_table',1),(9,'2018_10_04_143412_create_actividades_especificas_table',1),(10,'2018_10_04_144200_create_puestos_proveedores_table',1),(11,'2018_10_04_150548_create_puestos_clientes_table',1),(12,'2018_10_04_152414_create_areas_anios_experiencia_table',1),(13,'2018_10_04_153144_create_competencia_generica_table',1),(14,'2018_10_04_161800_create_cat_profesiones_table',1),(15,'2018_10_04_162348_create_cat_areas_table',1),(16,'2018_10_04_162531_create_competencias_tecnicas_table',1),(17,'2018_10_04_163432_create_idiomas_table',1),(18,'2018_10_04_164645_create_computacion_table',1),(19,'2018_10_04_165658_create_lista_distribucion_table',1),(20,'2018_10_04_193059_create_fechas_validacion_table',1),(21,'2018_10_04_194037_create_archivos_table',1),(22,'2018_10_04_195443_create_rel_usuario_descripcion_table',1),(23,'2018_10_05_141808_create_rel_dependencia_descripcion_table',1),(24,'2018_10_05_142701_create_rel_proposito_descripcion_table',1),(25,'2018_10_05_143457_create_rel_act_gral_descripcion_table',1),(26,'2018_10_05_143731_create_rel_act_esp_descripcion_table',1),(27,'2018_10_05_144712_create_rel_puestos_prov_descripcion_table',1),(28,'2018_10_05_145550_create_rel_puestos_clientes_descripcion_table',1),(29,'2018_10_05_150004_create_rel_profesion_descripcion_table',1),(30,'2018_10_05_151306_create_rel_profesion_area_table',1),(31,'2018_10_05_152716_create_rel_area_anios_descripcion_table',1),(32,'2018_10_05_153120_create_rel_compet_generica_descripcion_table',1),(33,'2018_10_05_153502_create_rel_compet_tecnica_descripcion_table',1),(34,'2018_10_05_153802_create_rel_idioma_descripcion_table',1),(35,'2018_10_05_153835_create_rel_computacion_descripcion_table',1),(36,'2018_10_05_154558_create_rel_l_distribucion_descripcion_table',1),(37,'2018_10_05_160133_create_rel_validacion_descripcion_table',1),(38,'2018_10_05_160706_create_rel_cabeza_sector_table',1),(39,'2018_10_05_161153_create_rel_area_organigrama_table',1),(40,'2018_10_05_185420_create_rel_usuario_dependencia_table',1),(41,'2018_10_17_185929_create_rel_puesto_padre_table',1),(42,'2018_11_06_164630_create_rel_archivos_dependencias_table',1),(43,'2018_11_06_164645_create_rel_archivos_descripciones_table',1);
/*!40000 ALTER TABLE `migrations` ENABLE KEYS */;
UNLOCK TABLES;

--
-- Table structure for table `password_resets`
--

DROP TABLE IF EXISTS `password_resets`;
/*!40101 SET @saved_cs_client     = @@character_set_client */;
/*!40101 SET character_set_client = utf8 */;
CREATE TABLE `password_resets` (
  `email` varchar(100) COLLATE utf8mb4_unicode_ci NOT NULL,
  `token` varchar(255) COLLATE utf8mb4_unicode_ci NOT NULL,
  `created_at` timestamp NULL DEFAULT NULL,
  KEY `password_resets_email_index` (`email`)
) ENGINE=InnoDB DEFAULT CHARSET=utf8mb4 COLLATE=utf8mb4_unicode_ci;
/*!40101 SET character_set_client = @saved_cs_client */;

--
-- Dumping data for table `password_resets`
--

LOCK TABLES `password_resets` WRITE;
/*!40000 ALTER TABLE `password_resets` DISABLE KEYS */;
/*!40000 ALTER TABLE `password_resets` ENABLE KEYS */;
UNLOCK TABLES;

--
-- Table structure for table `users`
--

DROP TABLE IF EXISTS `users`;
/*!40101 SET @saved_cs_client     = @@character_set_client */;
/*!40101 SET character_set_client = utf8 */;
CREATE TABLE `users` (
  `id` int(10) unsigned NOT NULL AUTO_INCREMENT,
  `name` varchar(255) COLLATE utf8mb4_unicode_ci NOT NULL,
  `email` varchar(100) COLLATE utf8mb4_unicode_ci NOT NULL,
  `email_verified_at` timestamp NULL DEFAULT NULL,
  `password` varchar(255) COLLATE utf8mb4_unicode_ci NOT NULL,
  `remember_token` varchar(100) COLLATE utf8mb4_unicode_ci DEFAULT NULL,
  `created_at` timestamp NULL DEFAULT NULL,
  `updated_at` timestamp NULL DEFAULT NULL,
  PRIMARY KEY (`id`),
  UNIQUE KEY `users_email_unique` (`email`)
) ENGINE=InnoDB DEFAULT CHARSET=utf8mb4 COLLATE=utf8mb4_unicode_ci;
/*!40101 SET character_set_client = @saved_cs_client */;

--
-- Dumping data for table `users`
--

LOCK TABLES `users` WRITE;
/*!40000 ALTER TABLE `users` DISABLE KEYS */;
/*!40000 ALTER TABLE `users` ENABLE KEYS */;
UNLOCK TABLES;
/*!40103 SET TIME_ZONE=@OLD_TIME_ZONE */;

/*!40101 SET SQL_MODE=@OLD_SQL_MODE */;
/*!40014 SET FOREIGN_KEY_CHECKS=@OLD_FOREIGN_KEY_CHECKS */;
/*!40014 SET UNIQUE_CHECKS=@OLD_UNIQUE_CHECKS */;
/*!40101 SET CHARACTER_SET_CLIENT=@OLD_CHARACTER_SET_CLIENT */;
/*!40101 SET CHARACTER_SET_RESULTS=@OLD_CHARACTER_SET_RESULTS */;
/*!40101 SET COLLATION_CONNECTION=@OLD_COLLATION_CONNECTION */;
/*!40111 SET SQL_NOTES=@OLD_SQL_NOTES */;

-- Dump completed on 2018-11-22 13:17:06
